,Power,Predict,ghi
2021-06-04 09:00:00,7908.260869565217,4383.701679022077,8128.197739133618
