,Power,Predict,ghi
2021-06-03 10:00:00,3815.0,3321.889198441558,9667.483355223827
