,Power,ghi
0,,0.0
1,,0.0
2,24.0,200.8059195058028
3,249.31034482758622,1500.1163646873506
4,1184.5714285714287,3258.253724050156
5,3345.4545454545455,5070.516116620572
6,5344.444444444444,6740.9723233049335
7,6759.72972972973,8130.393634187067
8,7613.333333333333,9133.176574298663
9,8227.272727272728,9675.904801993009
10,8321.379310344828,9719.497658131493
11,8180.0,9260.898164717986
