,Power,ghi
0,0.0,0.0
1,0.0,0.0
2,0.0,0.0
3,0.0,0.0
4,0.0,0.0
5,13.448275862068966,0.0
6,241.0344827586207,186.11060447205992
7,1264.4117647058824,1480.935029904024
8,3046.764705882353,3245.0101950052035
9,4355.833333333333,5062.853433019599
10,4995.4838709677415,6737.095610450596
11,7908.260869565217,8128.197739133618
