,Power,ghi
0,0.0,0.0
1,0.0,0.0
2,0.0,0.0
3,0.0,0.0
4,12.727272727272727,180.14136941256166
5,220.26315789473685,1472.3026949671741
6,730.0,3238.2908802832985
7,2215.2631578947367,5058.133987733105
8,4672.727272727273,6733.829475154695
9,5250.857142857143,8125.688056105441
10,5905.588235294118,9128.009485495315
11,3815.0,9667.483355223827
