,Predict_Power,Temperature,Cloud,Wind,Rain,dayofyear_sin,dayofyear_cos,hour_sin,hour_cos,ghi
2021-06-03 11:00:00,3321.889198441558,22.94,7.0,3.85,0.0,0.4711595076738638,-0.8820480249558537,0.258819045102521,-0.9659258262890682,9705.308501506632
