,Predict_Power,Temperature,Cloud,Wind,Rain,dayofyear_sin,dayofyear_cos,hour_sin,hour_cos,ghi
2021-06-04 10:00:00,4383.701679022077,23.64,7.0,1.47,0.0,0.4559066935084588,-0.8900275764346767,0.49999999999999994,-0.8660254037844387,9130.502067590638
